number,state,value,lower_bound_weight,down_card_weight,ace_burial_weight,needed_card_depth_weight,foundation_withdrawal,coverage,coverage_area,par2_nodes,p95_nodes,median_moves
0,COMPLETE,9996.295365103333,1,0,0,0,True,0.009969062,0.002921966,595888.469,284215,106
1,COMPLETE,801818.3701875766,10,0,0,0,True,0.795977999,0.584092472,166059.727,206567,135
2,COMPLETE,810522.9358668866,25,50,100,50,False,0.803025095,0.74982812,132099.934,98567,153
3,PRUNED,750450.69396635,25,150,25,0,False,,,,,
4,PRUNED,687845.44843238,25,0,0,50,True,,,,,
5,PRUNED,675955.40667983,25,0,0,0,True,,,,,
6,COMPLETE,825162.8806996567,26,163,75,30,True,0.817463046,0.770024063,121779.103,75127,158
7,COMPLETE,822112.0024606801,50,127,45,78,False,0.814369199,0.774321073,122180.796,67073,152
8,COMPLETE,824856.0757680465,46,87,104,55,False,0.817119285,0.773719491,121242.586,77176,151
9,PRUNED,778023.23404647,41,127,119,89,False,,,,,
10,PRUNED,786266.98353412,21,122,108,4,True,,,,,
11,COMPLETE,826224.6733301067,35,186,75,19,True,0.818494328,0.77307494,121220.968,73844,157
12,PRUNED,788779.48732478,46,177,77,20,True,,,,,
13,PRUNED,776431.9766294,20,198,100,38,True,,,,,
14,COMPLETE,835521.2671405701,34,90,49,27,True,0.827775868,0.774578893,116936.829,75827,153
15,COMPLETE,834709.9822019966,48,89,56,21,True,0.827088347,0.762203506,119957.401,86325,152
16,COMPLETE,836929.8181498767,42,69,39,17,True,0.829322791,0.760742523,119424.037,89764,151
17,COMPLETE,832605.7422256334,31,108,20,19,True,0.824853902,0.775223444,118264.31,72588,154
18,PRUNED,766135.6647122,30,55,61,57,True,,,,,
19,PRUNED,725594.2714682,48,3,46,20,True,,,,,
20,PRUNED,788751.98082616,46,38,2,11,False,,,,,
21,COMPLETE,838431.6330060633,40,96,67,23,True,0.830697834,0.773418701,116401.181,82084,152
22,COMPLETE,836640.6336733301,29,59,49,14,True,0.828979031,0.766199725,118373.001,86964,152
23,PRUNED,782194.49937021,33,80,89,14,False,,,,,
24,PRUNED,753799.40698147,24,5,69,16,False,,,,,
25,PRUNED,793088.23194288,23,66,53,2,True,,,,,
26,PRUNED,794813.22092313,43,55,88,29,True,,,,,
27,PRUNED,774194.48851997,48,145,18,21,False,,,,,
28,PRUNED,791648.20496988,39,64,50,3,True,,,,,
29,PRUNED,785764.51033514,28,64,17,18,False,,,,,
30,COMPLETE,838438.5094045266,41,120,22,51,True,0.830697834,0.774106222,116044.642,82338,155
31,PRUNED,790646.98315436,39,121,4,61,True,,,,,
32,PRUNED,789470.7188798,22,46,79,27,True,,,,,
33,PRUNED,761168.19023241,1,170,150,37,False,,,,,
34,COMPLETE,839535.96077971,50,95,54,55,True,0.831900997,0.763535579,117603.087,88771,154
35,COMPLETE,835255.7043378167,49,121,64,68,True,0.827603988,0.765211413,119337.655,88744,155
36,COMPLETE,836474.7697264968,44,81,1,41,True,0.82880715,0.766801306,118000.051,82965,151
37,COMPLETE,835723.2283423401,48,139,27,45,True,0.827947748,0.7775868,116297.298,72905,153
38,PRUNED,733054.36596654,17,106,109,80,True,,,,,
39,PRUNED,788734.5111428,28,185,26,85,False,,,,,
40,PRUNED,763416.89964766,45,67,23,85,True,,,,,
41,PRUNED,784564.49702683,37,77,56,60,False,,,,,
42,COMPLETE,835165.9031104867,43,124,124,43,True,0.827432107,0.773418701,117269.854,77111,153
43,COMPLETE,836303.3189318334,49,91,59,47,True,0.82863527,0.766844276,118148.45,84547,152
44,PRUNED,785292.01109307,46,108,72,29,False,,,,,
45,PRUNED,791808.21448404,48,93,17,3,True,,,,,
46,PRUNED,753565.64394669,49,15,39,94,False,,,,,
47,PRUNED,720938.08900748,1,116,5,100,False,,,,,
48,PRUNED,772070.670286,45,63,65,70,True,,,,,
49,PRUNED,785180.75559227,3,173,27,18,False,,,,,
50,PRUNED,782244.4731656,32,157,41,68,True,,,,,
51,COMPLETE,837439.44508816,49,75,7,45,True,0.829838432,0.760140942,118899.552,87224,151
52,PRUNED,796209.49521813,36,105,100,13,True,,,,,
53,COMPLETE,837305.3807334598,40,70,33,40,True,0.829666552,0.76392231,118309.962,84820,151
54,PRUNED,796195.71096924,42,52,18,31,True,,,,,
55,PRUNED,787954.49354903,47,67,7,48,False,,,,,
56,PRUNED,639099.14477038,3,63,25,66,True,,,,,
57,COMPLETE,833979.0696175866,37,134,41,38,True,0.826228945,0.775051564,117306.724,71366,155
58,PRUNED,730993.07658433,37,16,142,64,True,,,,,
59,PRUNED,788118.19730289,38,47,36,45,True,,,,,
60,COMPLETE,837289.4793464666,40,80,45,50,True,0.829666552,0.762332417,119047.06,91765,154
61,PRUNED,796683.23942328,37,108,54,55,True,,,,,
62,COMPLETE,839718.1545741267,50,93,29,52,True,0.832072877,0.764566861,117310.762,88661,153
63,COMPLETE,840090.2771806067,43,94,48,51,True,0.832416638,0.767402888,116909.818,92001,154
64,COMPLETE,836914.7793095399,48,76,13,48,True,0.829322791,0.75923857,119217.138,88322,150
65,PRUNED,741340.64301225,2,56,36,37,False,,,,,
66,PRUNED,781209.49789666,50,190,136,13,False,,,,,
67,PRUNED,779861.92039861,48,50,17,57,True,,,,,
68,PRUNED,788963.21883368,46,103,46,66,True,,,,,
69,COMPLETE,836560.71532612,40,118,68,29,True,0.82880715,0.775395325,116377.164,80805,154
70,COMPLETE,836737.7520021533,40,122,27,46,True,0.828979031,0.775910966,116597.354,77196,155
71,PRUNED,679911.75399934,3,52,137,81,False,,,,,
72,PRUNED,799060.73900401,35,77,48,42,True,,,,,
73,PRUNED,786789.51180082,35,113,20,46,False,,,,,
74,COMPLETE,836674.5830304701,47,93,32,35,True,0.828979031,0.769594362,117476.859,77467,151
75,PRUNED,768943.21796405,16,176,89,81,False,,,,,
76,COMPLETE,839196.06682705,49,94,26,52,True,0.831557236,0.76392231,117681.885,91037,153
77,FAIL,,47,134,25,65,True,,,,,
